{
"lengthUnit": "mil",
"components": {
	"fields": ["COMPONENT_NO", "COMPONENT_NAME", "LAYER", "X_COORDINATE", "Y_COORDINATE", "ANGLE"],
	"rows": [
		[1, "BATT", "B", 730, 170, 330],
		[2, "C1", "T", 55, -95, 180],
		[3, "H1", "B", 160, -785, 60],
		[4, "LED", "T", 460, -755, 0],
		[5, "LED1", "T", 310, 375, 90],
		[6, "LED2", "T", 995, -10, 30],
		[7, "LED3", "T", 1005, -840, 330],
		[8, "LED4", "T", 290, -1250, 90],
		[9, "LED5", "T", -395, -855, 210],
		[10, "LED6", "T", -370, -10, 330],
		[11, "LED7", "T", -210, -545, 0],
		[12, "P1", "T", -115, -270, 270],
		[13, "Q1", "T", 615, -475, 0],
		[14, "Q2", "T", 810, -475, 0],
		[15, "Q3", "T", 1000, -475, 0],
		[16, "Q4", "T", 20, -1110, 180],
		[17, "Q5", "T", -285, -785, 0],
		[18, "Q6", "T", -365, -165, 0],
		[19, "Q7", "T", -25, -545, 0],
		[20, "R1", "T", 590, -70, 180],
		[21, "R2", "T", 375, -1115, 0],
		[22, "R3", "B", 30, 220, 90],
		[23, "R5", "T", 375, -1025, 180],
		[24, "R7", "T", 740, -280, 270],
		[25, "R8", "T", 895, -285, 270],
		[26, "R9", "T", 1035, -285, 270],
		[27, "R10", "T", -30, -900, 270],
		[28, "R11", "T", -370, -645, 270],
		[29, "R12", "T", -300, -315, 90],
		[30, "R13", "T", -80, -710, 90],
		[31, "R15", "T", 660, -625, 270],
		[32, "R16", "T", 855, -625, 270],
		[33, "R17", "T", 1050, -625, 270],
		[34, "R18", "T", -125, -900, 90],
		[35, "R19", "T", -465, -645, 90],
		[36, "R20", "T", -390, -315, 270],
		[37, "R21", "T", 20, -710, 270],
		[38, "R22", "T", 625, -755, 0],
		[39, "SP1", "T", 370, -925, 0],
		[40, "SWITCH", "B", 540, 330, 240],
		[41, "U1", "T", 300, 75, 0],
		[42, "U2", "B", -155, 70, 180],
		[43, "U4", "B", 735, -705, 240],
		[44, "U5", "T", 355, -150, 180]
	]
},
"pins": {
	"fields": ["PIN_NO", "PIN_NAME", "PIN_X", "PIN_Y", "LAYER", "PIN_TYPE", "NET_NAME", "NET_TYPE", "PAD_SHAPE", "PAD_SIZEX", "PAD_SIZEY", "HOLE_SIZE", "PAD_ANGLE"],
	"rows": [
		[1, "BATT_1", 699.69, 117.49, "T", "DIP", "U4_3", "", "O", 118.11, 59.05, 39.37, 330],
		[2, "BATT_1", 699.69, 117.49, "B", "DIP", "U4_3", "", "O", 118.11, 59.05, 39.37, 330],
		[3, "BATT_2", 749.69, 204.09, "T", "DIP", "GND", "GND", "O", 118.11, 59.05, 39.37, 330],
		[4, "BATT_2", 749.69, 204.09, "B", "DIP", "GND", "GND", "O", 118.11, 59.05, 39.37, 330],
		[5, "C1_1", 94.37, -95, "T", "SMD", "VCC", "", "R", 55.51, 53.15, 0, 180],
		[6, "C1_2", 15.63, -95, "T", "SMD", "GND", "GND", "R", 55.51, 53.15, 0, 180],
		[7, "H1_1", 179.5, -751.23, "T", "DIP", "H1_1", "", "C", 56, 56, 31.4, 60],
		[8, "H1_1", 179.5, -751.23, "B", "DIP", "H1_1", "", "C", 56, 56, 31.4, 60],
		[9, "H1_2", 140.5, -818.78, "T", "DIP", "H1_2", "", "C", 56, 56, 31.4, 60],
		[10, "H1_2", 140.5, -818.78, "B", "DIP", "H1_2", "", "C", 56, 56, 31.4, 60],
		[11, "LED_1", 426.53, -755, "T", "SMD", "MO", "", "R", 39.37, 35.43, 0, 270],
		[12, "LED_2", 493.46, -755, "T", "SMD", "R22_1", "", "R", 39.37, 35.43, 0, 270],
		[13, "LED1_1", 260, 375, "T", "DIP", "LEDCURRENT", "", "C", 65, 65, 38, 180],
		[14, "LED1_1", 260, 375, "B", "DIP", "LEDCURRENT", "", "C", 65, 65, 38, 180],
		[15, "LED1_2", 360, 375, "T", "DIP", "Q1_3", "", "C", 65, 65, 38, 180],
		[16, "LED1_2", 360, 375, "B", "DIP", "Q1_3", "", "C", 65, 65, 38, 180],
		[17, "LED2_1", 970, 33.3, "T", "DIP", "LEDCURRENT", "", "C", 65, 65, 38, 120],
		[18, "LED2_1", 970, 33.3, "B", "DIP", "LEDCURRENT", "", "C", 65, 65, 38, 120],
		[19, "LED2_2", 1020, -53.3, "T", "DIP", "Q2_3", "", "C", 65, 65, 38, 120],
		[20, "LED2_2", 1020, -53.3, "B", "DIP", "Q2_3", "", "C", 65, 65, 38, 120],
		[21, "LED3_1", 1030, -796.7, "T", "DIP", "LEDCURRENT", "", "C", 65, 65, 38, 60],
		[22, "LED3_1", 1030, -796.7, "B", "DIP", "LEDCURRENT", "", "C", 65, 65, 38, 60],
		[23, "LED3_2", 980, -883.3, "T", "DIP", "Q3_3", "", "C", 65, 65, 38, 60],
		[24, "LED3_2", 980, -883.3, "B", "DIP", "Q3_3", "", "C", 65, 65, 38, 60],
		[25, "LED4_1", 240, -1250, "T", "DIP", "LEDCURRENT", "", "C", 65, 65, 38, 180],
		[26, "LED4_1", 240, -1250, "B", "DIP", "LEDCURRENT", "", "C", 65, 65, 38, 180],
		[27, "LED4_2", 340, -1250, "T", "DIP", "Q4_3", "", "C", 65, 65, 38, 180],
		[28, "LED4_2", 340, -1250, "B", "DIP", "Q4_3", "", "C", 65, 65, 38, 180],
		[29, "LED5_1", -370, -898.3, "T", "DIP", "LEDCURRENT", "", "C", 65, 65, 38, 300],
		[30, "LED5_1", -370, -898.3, "B", "DIP", "LEDCURRENT", "", "C", 65, 65, 38, 300],
		[31, "LED5_2", -420, -811.7, "T", "DIP", "Q5_3", "", "C", 65, 65, 38, 300],
		[32, "LED5_2", -420, -811.7, "B", "DIP", "Q5_3", "", "C", 65, 65, 38, 300],
		[33, "LED6_1", -345, 33.3, "T", "DIP", "LEDCURRENT", "", "C", 65, 65, 38, 60],
		[34, "LED6_1", -345, 33.3, "B", "DIP", "LEDCURRENT", "", "C", 65, 65, 38, 60],
		[35, "LED6_2", -395, -53.3, "T", "DIP", "Q6_3", "", "C", 65, 65, 38, 60],
		[36, "LED6_2", -395, -53.3, "B", "DIP", "Q6_3", "", "C", 65, 65, 38, 60],
		[37, "LED7_1", -210, -495, "T", "DIP", "LEDCURRENT", "", "C", 65, 65, 38, 90],
		[38, "LED7_1", -210, -495, "B", "DIP", "LEDCURRENT", "", "C", 65, 65, 38, 90],
		[39, "LED7_2", -210, -595, "T", "DIP", "Q7_3", "", "C", 65, 65, 38, 90],
		[40, "LED7_2", -210, -595, "B", "DIP", "Q7_3", "", "C", 65, 65, 38, 90],
		[41, "P1_1", -115, -170, "T", "DIP", "MI", "", "R", 60, 60, 36, 270],
		[42, "P1_1", -115, -170, "B", "DIP", "MI", "", "R", 60, 60, 36, 270],
		[43, "P1_2", -15, -170, "T", "DIP", "VCC", "", "C", 60, 60, 36, 270],
		[44, "P1_2", -15, -170, "B", "DIP", "VCC", "", "C", 60, 60, 36, 270],
		[45, "P1_3", -115, -270, "T", "DIP", "CK", "", "C", 60, 60, 36, 270],
		[46, "P1_3", -115, -270, "B", "DIP", "CK", "", "C", 60, 60, 36, 270],
		[47, "P1_4", -15, -270, "T", "DIP", "MO", "", "C", 60, 60, 36, 270],
		[48, "P1_4", -15, -270, "B", "DIP", "MO", "", "C", 60, 60, 36, 270],
		[49, "P1_5", -115, -370, "T", "DIP", "RS", "", "C", 60, 60, 36, 270],
		[50, "P1_5", -115, -370, "B", "DIP", "RS", "", "C", 60, 60, 36, 270],
		[51, "P1_6", -15, -370, "T", "DIP", "GND", "GND", "C", 60, 60, 36, 270],
		[52, "P1_6", -15, -370, "B", "DIP", "GND", "GND", "C", 60, 60, 36, 270],
		[53, "Q1_1", 660.28, -512.4, "T", "SMD", "Q1_1", "", "R", 39.37, 31.5, 0, 180],
		[54, "Q1_2", 660.28, -437.6, "T", "SMD", "GND", "GND", "R", 39.37, 31.5, 0, 180],
		[55, "Q1_3", 569.72, -475, "T", "SMD", "Q1_3", "", "R", 39.37, 31.5, 0, 180],
		[56, "Q2_1", 855.28, -512.4, "T", "SMD", "R8_2", "", "R", 39.37, 31.5, 0, 180],
		[57, "Q2_2", 855.28, -437.6, "T", "SMD", "GND", "GND", "R", 39.37, 31.5, 0, 180],
		[58, "Q2_3", 764.72, -475, "T", "SMD", "Q2_3", "", "R", 39.37, 31.5, 0, 180],
		[59, "Q3_1", 1045.28, -512.4, "T", "SMD", "R9_2", "", "R", 39.37, 31.5, 0, 180],
		[60, "Q3_2", 1045.28, -437.6, "T", "SMD", "GND", "GND", "R", 39.37, 31.5, 0, 180],
		[61, "Q3_3", 954.72, -475, "T", "SMD", "Q3_3", "", "R", 39.37, 31.5, 0, 180],
		[62, "Q4_1", -25.28, -1072.6, "T", "SMD", "R10_2", "", "R", 39.37, 31.5, 0, 0],
		[63, "Q4_2", -25.28, -1147.4, "T", "SMD", "GND", "GND", "R", 39.37, 31.5, 0, 0],
		[64, "Q4_3", 65.28, -1110, "T", "SMD", "Q4_3", "", "R", 39.37, 31.5, 0, 0],
		[65, "Q5_1", -239.72, -822.4, "T", "SMD", "R11_2", "", "R", 39.37, 31.5, 0, 180],
		[66, "Q5_2", -239.72, -747.6, "T", "SMD", "GND", "GND", "R", 39.37, 31.5, 0, 180],
		[67, "Q5_3", -330.28, -785, "T", "SMD", "Q5_3", "", "R", 39.37, 31.5, 0, 180],
		[68, "Q6_1", -319.72, -202.4, "T", "SMD", "R12_2", "", "R", 39.37, 31.5, 0, 180],
		[69, "Q6_2", -319.72, -127.6, "T", "SMD", "GND", "GND", "R", 39.37, 31.5, 0, 180],
		[70, "Q6_3", -410.28, -165, "T", "SMD", "Q6_3", "", "R", 39.37, 31.5, 0, 180],
		[71, "Q7_1", 20.28, -582.4, "T", "SMD", "R13_2", "", "R", 39.37, 31.5, 0, 180],
		[72, "Q7_2", 20.28, -507.6, "T", "SMD", "GND", "GND", "R", 39.37, 31.5, 0, 180],
		[73, "Q7_3", -70.28, -545, "T", "SMD", "Q7_3", "", "R", 39.37, 31.5, 0, 180],
		[74, "R1_1", 590, 30, "T", "DIP", "R1_1", "", "C", 44, 44, 24.2, 180],
		[75, "R1_1", 590, 30, "B", "DIP", "R1_1", "", "C", 44, 44, 24.2, 180],
		[76, "R1_2", 590, -70, "T", "DIP", "GND", "GND", "C", 44, 44, 24.2, 180],
		[77, "R1_2", 590, -70, "B", "DIP", "GND", "GND", "C", 44, 44, 24.2, 180],
		[78, "R1_3", 590, -170, "T", "DIP", "U1_6", "", "C", 44, 44, 24.2, 180],
		[79, "R1_3", 590, -170, "B", "DIP", "U1_6", "", "C", 44, 44, 24.2, 180],
		[80, "R2_1", 335.63, -1115, "T", "SMD", "R2_1", "", "R", 44.59, 54.21, 0, 0],
		[81, "R2_2", 414.37, -1115, "T", "SMD", "H1_1", "", "R", 44.59, 54.21, 0, 0],
		[82, "R3_1", 30, 20, "T", "DIP", "U2_1", "", "C", 74, 74, 35.4, 270],
		[83, "R3_1", 30, 20, "B", "DIP", "U2_1", "", "C", 74, 74, 35.4, 270],
		[84, "R3_2", 30, 420, "T", "DIP", "GND", "GND", "C", 74, 74, 35.4, 270],
		[85, "R3_2", 30, 420, "B", "DIP", "GND", "GND", "C", 74, 74, 35.4, 270],
		[86, "R5_1", 414.37, -1025, "T", "SMD", "GND", "GND", "R", 44.59, 54.21, 0, 180],
		[87, "R5_2", 335.63, -1025, "T", "SMD", "R2_1", "", "R", 44.59, 54.21, 0, 180],
		[88, "R7_1", 740, -240.63, "T", "SMD", "GND", "GND", "R", 44.59, 54.21, 0, 270],
		[89, "R7_2", 740, -319.37, "T", "SMD", "Q1_1", "", "R", 44.59, 54.21, 0, 270],
		[90, "R8_1", 895, -245.63, "T", "SMD", "GND", "GND", "R", 44.59, 54.21, 0, 270],
		[91, "R8_2", 895, -324.37, "T", "SMD", "R8_2", "", "R", 44.59, 54.21, 0, 270],
		[92, "R9_1", 1035, -245.63, "T", "SMD", "GND", "GND", "R", 44.59, 54.21, 0, 270],
		[93, "R9_2", 1035, -324.37, "T", "SMD", "R9_2", "", "R", 44.59, 54.21, 0, 270],
		[94, "R10_1", -30, -860.63, "T", "SMD", "GND", "GND", "R", 44.59, 54.21, 0, 270],
		[95, "R10_2", -30, -939.37, "T", "SMD", "R10_2", "", "R", 44.59, 54.21, 0, 270],
		[96, "R11_1", -370, -605.63, "T", "SMD", "GND", "GND", "R", 44.59, 54.21, 0, 270],
		[97, "R11_2", -370, -684.37, "T", "SMD", "R11_2", "", "R", 44.59, 54.21, 0, 270],
		[98, "R12_1", -300, -354.37, "T", "SMD", "GND", "GND", "R", 44.59, 54.21, 0, 90],
		[99, "R12_2", -300, -275.63, "T", "SMD", "R12_2", "", "R", 44.59, 54.21, 0, 90],
		[100, "R13_1", -80, -749.37, "T", "SMD", "GND", "GND", "R", 44.59, 54.21, 0, 90],
		[101, "R13_2", -80, -670.63, "T", "SMD", "R13_2", "", "R", 44.59, 54.21, 0, 90],
		[102, "R15_1", 660, -585.63, "T", "SMD", "Q1_1", "", "R", 44.59, 54.21, 0, 270],
		[103, "R15_2", 660, -664.37, "T", "SMD", "D0", "", "R", 44.59, 54.21, 0, 270],
		[104, "R16_1", 855, -585.63, "T", "SMD", "R8_2", "", "R", 44.59, 54.21, 0, 270],
		[105, "R16_2", 855, -664.37, "T", "SMD", "D1", "", "R", 44.59, 54.21, 0, 270],
		[106, "R17_1", 1050, -585.63, "T", "SMD", "R9_2", "", "R", 44.59, 54.21, 0, 270],
		[107, "R17_2", 1050, -664.37, "T", "SMD", "MI", "", "R", 44.59, 54.21, 0, 270],
		[108, "R18_1", -125, -939.37, "T", "SMD", "R10_2", "", "R", 44.59, 54.21, 0, 90],
		[109, "R18_2", -125, -860.63, "T", "SMD", "D2", "", "R", 44.59, 54.21, 0, 90],
		[110, "R19_1", -465, -684.37, "T", "SMD", "R11_2", "", "R", 44.59, 54.21, 0, 90],
		[111, "R19_2", -465, -605.63, "T", "SMD", "D3", "", "R", 44.59, 54.21, 0, 90],
		[112, "R20_1", -390, -275.63, "T", "SMD", "R12_2", "", "R", 44.59, 54.21, 0, 270],
		[113, "R20_2", -390, -354.37, "T", "SMD", "D10", "", "R", 44.59, 54.21, 0, 270],
		[114, "R21_1", 20, -670.63, "T", "SMD", "R13_2", "", "R", 44.59, 54.21, 0, 270],
		[115, "R21_2", 20, -749.37, "T", "SMD", "D9", "", "R", 44.59, 54.21, 0, 270],
		[116, "R22_1", 585.63, -755, "T", "SMD", "R22_1", "", "R", 44.59, 54.21, 0, 0],
		[117, "R22_2", 664.37, -755, "T", "SMD", "GND", "GND", "R", 44.59, 54.21, 0, 0],
		[118, "SP1_1", 340.47, -925, "T", "SMD", "R2_1", "", "R", 36, 60, 0, 0],
		[119, "SP1_2", 399.53, -925, "T", "SMD", "CK", "", "R", 36, 60, 0, 0],
		[120, "SWITCH_1", 520.5, 296.23, "T", "DIP", "VCC", "", "C", 56, 56, 31.4, 240],
		[121, "SWITCH_1", 520.5, 296.23, "B", "DIP", "VCC", "", "C", 56, 56, 31.4, 240],
		[122, "SWITCH_2", 559.5, 363.78, "T", "DIP", "U4_3", "", "C", 56, 56, 31.4, 240],
		[123, "SWITCH_2", 559.5, 363.78, "B", "DIP", "U4_3", "", "C", 56, 56, 31.4, 240],
		[124, "U1_1", 150, -34.02, "T", "SMD", "VCC", "", "O", 22.6, 80.24, 0, 0],
		[125, "U1_2", 200, -34.02, "T", "SMD", "D10", "", "O", 22.6, 80.24, 0, 0],
		[126, "U1_3", 250, -34.02, "T", "SMD", "D9", "", "O", 22.6, 80.24, 0, 0],
		[127, "U1_4", 300, -34.02, "T", "SMD", "RS", "", "O", 22.6, 80.24, 0, 0],
		[128, "U1_5", 350, -34.02, "T", "SMD", "PWM", "", "O", 22.6, 80.24, 0, 0],
		[129, "U1_6", 400, -34.02, "T", "SMD", "U1_6", "", "O", 22.6, 80.24, 0, 0],
		[130, "U1_7", 450, -34.02, "T", "SMD", "MO", "", "O", 22.6, 80.24, 0, 0],
		[131, "U1_8", 450, 184.02, "T", "SMD", "MI", "", "O", 22.6, 80.24, 0, 0],
		[132, "U1_9", 400, 184.02, "T", "SMD", "CK", "", "O", 22.6, 80.24, 0, 0],
		[133, "U1_10", 350, 184.02, "T", "SMD", "D3", "", "O", 22.6, 80.24, 0, 0],
		[134, "U1_11", 300, 184.02, "T", "SMD", "D2", "", "O", 22.6, 80.24, 0, 0],
		[135, "U1_12", 250, 184.02, "T", "SMD", "D1", "", "O", 22.6, 80.24, 0, 0],
		[136, "U1_13", 200, 184.02, "T", "SMD", "D0", "", "O", 22.6, 80.24, 0, 0],
		[137, "U1_14", 150, 184.02, "T", "SMD", "GND", "GND", "O", 22.6, 80.24, 0, 0],
		[138, "U2_1", -80, -39.02, "B", "SMD", "U2_1", "", "O", 22.6, 80.24, 0, 0],
		[139, "U2_2", -130, -39.02, "B", "SMD", "GND", "GND", "O", 22.6, 80.24, 0, 0],
		[140, "U2_3", -180, -39.02, "B", "SMD", "VCC", "", "O", 22.6, 80.24, 0, 0],
		[141, "U2_4", -230, -39.02, "B", "SMD", "VCC", "", "O", 22.6, 80.24, 0, 0],
		[142, "U2_5", -230, 179.02, "B", "SMD", "LEDCURRENT", "", "O", 22.6, 80.24, 0, 0],
		[143, "U2_6", -180, 179.02, "B", "SMD", "LEDCURRENT", "", "O", 22.6, 80.24, 0, 0],
		[144, "U2_7", -130, 179.02, "B", "SMD", "U2_7", "", "O", 22.6, 80.24, 0, 0],
		[145, "U2_8", -80, 179.02, "B", "SMD", "PWM", "", "O", 22.6, 80.24, 0, 0],
		[146, "U2_9", -155, 70, "B", "SMD", "GND", "GND", "R", 78.74, 78.74, 0, 0],
		[147, "U4_1", 250.93, -1052.88, "T", "DIP", "H1_2", "", "O", 118.11, 78.74, 36, 60],
		[148, "U4_1", 250.93, -1052.88, "B", "DIP", "H1_2", "", "O", 118.11, 78.74, 36, 60],
		[149, "U4_2", 675.76, -1298.16, "T", "DIP", "H1_1", "", "O", 118.11, 78.74, 36, 60],
		[150, "U4_2", 675.76, -1298.16, "B", "DIP", "H1_1", "", "O", 118.11, 78.74, 36, 60],
		[151, "U4_3", 1232.85, -333.25, "T", "DIP", "U4_3", "", "O", 118.11, 78.74, 36, 60],
		[152, "U4_3", 1232.85, -333.25, "B", "DIP", "U4_3", "", "O", 118.11, 78.74, 36, 60],
		[153, "U4_4", 808.02, -87.97, "T", "DIP", "GND", "GND", "O", 118.11, 78.74, 36, 60],
		[154, "U4_4", 808.02, -87.97, "B", "DIP", "GND", "GND", "O", 118.11, 78.74, 36, 60],
		[155, "U5_1", 420, -150, "T", "DIP", "U1_6", "", "R", 55, 55, 30, 180],
		[156, "U5_1", 420, -150, "B", "DIP", "U1_6", "", "R", 55, 55, 30, 180],
		[157, "U5_2", 290, -150, "T", "DIP", "VCC", "", "C", 55, 55, 30, 180],
		[158, "U5_2", 290, -150, "B", "DIP", "VCC", "", "C", 55, 55, 30, 180]
	]
}
}